Date,Gold,WTI,SP500,US 10Y,UK 10Y,Japan 10Y,IG Bond Yield,HY Bond Yield,USDJPY,GBPUSD,Copper,NIKKEI,FTSE
12/31/1996,369,25.23,743.25,6.43,7.5716,2.597,7.09,9.55,115.77,1.7123,2264.595278,19361.35,4118.5
1/31/1997,355.11,25.13,766.22,6.53,7.5552,2.632,7.09,9.49,121.25,1.6012,2427.272794,18330.01,4275.799805
2/28/1997,346.58,22.18,798.39,6.56,7.1962,2.583,7.16,9.34,120.83,1.6287,2406.631562,18557,4308.299805
3/31/1997,351.81,20.97,792.16,6.92,7.4544,2.524,7.5,9.78,123.72,1.6448,2420.184209,18003.4,4308.299805
4/30/1997,344.47,19.7,763.93,6.72,7.638,2.382,7.33,9.67,127.03,1.62,2389.318149,19151.12,4436
5/31/1997,343.84,20.82,833.09,6.67,7.1681,2.736,7.28,9.35,116.4,1.636,2513.299935,20068.81,4621.299805
6/30/1997,340.76,19.26,876.29,6.51,7.1418,2.684,7.13,9.23,114.61,1.665,2611.2857,20604.96,4604.600098
7/31/1997,324.1,19.66,925.29,6.02,7.0577,2.505,6.64,8.82,118.37,1.6388,2449.195704,20331.43,4907.5
8/31/1997,324.01,19.95,927.24,6.34,7.0893,2.354,6.98,9.04,120.65,1.6203,2250.100043,18229.42,4817.5
9/30/1997,322.82,19.8,937.02,6.12,6.8216,2.21,6.73,8.82,120.71,1.6117,2104.309555,17887.71,5244.200195
10/31/1997,324.87,21.33,951.16,5.84,6.5109,1.994,6.62,8.97,120.39,1.6786,2050.695568,16458.94,4842.299805
11/30/1997,306.04,20.19,938.92,5.86,6.624,1.941,6.69,8.91,127.74,1.6885,1918.499945,16636.26,4831.799805
12/31/1997,288.74,18.33,962.37,5.75,6.3739,1.939,6.56,8.85,130.45,1.6427,1761.452391,15258.74,5135.5
1/31/1998,289.1,16.72,963.36,5.53,6.0978,1.948,6.4,8.64,127.1,1.6325,1687.60001,16628.47,5458.5
2/28/1998,297.49,16.06,1023.74,5.62,6.0461,2,6.53,8.65,126.12,1.6453,1663.999986,16831.67,5767.299805
3/31/1998,295.94,15.12,1076.83,5.67,5.992,1.855,6.54,8.66,133.29,1.6765,1747.159163,16527.17,5932.200195
4/30/1998,308.29,15.35,1112.2,5.68,5.8249,1.867,6.55,8.82,132.37,1.6727,1800.125078,15641.26,5928.399902
5/31/1998,299.1,14.91,1108.42,5.56,5.8648,1.655,6.45,8.94,138.5,1.6308,1731.657929,15670.78,5870.700195
6/30/1998,292.32,13.72,1108.39,5.44,5.7743,1.54,6.39,9.04,138.29,1.6695,1656.595186,15830.27,5832.600098
7/31/1998,292.87,14.17,1156.58,5.5,5.8319,1.683,6.49,9.06,144.65,1.6349,1655.666727,16378.97,5837.100098
8/31/1998,284.11,13.47,1074.62,5.05,5.5706,1.502,6.48,10.38,140.9,1.676,1619.925079,14107.89,5837.100098
9/30/1998,288.98,15.03,1020.64,4.44,5.151,1.103,6.02,10.48,136.59,1.6995,1646.772692,13406.39,5064.399902
10/31/1998,295.93,14.46,1032.47,4.64,5.0114,0.879,6.27,11.17,116.45,1.6735,1585.499925,13564.51,5438.399902
11/30/1998,294.12,13,1144.43,4.74,4.9292,0.977,6.16,10.29,123.21,1.6485,1573.724975,14883.7,5743.899902
12/31/1998,291.68,11.35,1190.05,4.65,4.5175,1.488,6.15,10.53,113.08,1.6628,1475.763094,13842.17,5743.899902
1/31/1999,287.08,12.52,1248.77,4.66,4.2868,1.91,6.08,10.44,116,1.6457,1432.000028,14499.25,5896
2/28/1999,287.33,12.01,1246.58,5.29,4.4319,2.117,6.59,10.69,118.7,1.6027,1412.95,14367.54,6175.100098
3/31/1999,285.96,14.68,1281.66,5.25,4.6554,1.816,6.51,10.63,118.43,1.614,1378.477273,15836.59,6295.299805
4/30/1999,282.62,17.31,1334.76,5.36,4.592,1.563,6.56,10.23,119.43,1.6085,1463.725,16701.53,6552.200195
5/31/1999,276.44,17.72,1332.07,5.36,4.9068,1.334,6.91,10.6,119.43,1.6085,1510.447368,16111.65,6226.200195
6/30/1999,261.31,17.92,1322.55,5.81,5.1716,1.632,7.07,10.81,120.94,1.5765,1422.159091,17529.74,6318.5
7/31/1999,256.08,20.1,1380.99,5.92,5.3721,1.703,7.27,10.78,114.7,1.6207,1639.181818,17861.86,6231.899902
8/31/1999,256.69,21.28,1327.49,5.98,5.4312,1.878,7.43,11.1,109.3,1.6086,1646.738095,17436.56,6246.399902
9/30/1999,264.74,23.8,1318.17,5.9,5.6909,1.759,7.31,11.22,106.82,1.6457,1749.681818,17605.46,6029.799805
10/31/1999,310.72,22.69,1300.01,6.02,5.8801,1.692,7.38,11.41,104.29,1.6425,1723.285714,17942.08,6255.700195
11/30/1999,293.18,25,1391,6.18,5.3145,1.817,7.48,11.26,101.8,1.5935,1726.772727,18558.23,6597.200195
12/31/1999,283.07,26.1,1428.68,6.45,5.389,1.767,7.7,11.34,102.16,1.615,1764.882353,18934.34,6597.200195
1/31/2000,284.32,27.26,1425.59,6.68,5.8227,1.691,7.9,11.62,107.33,1.6182,1843.85,19539.7,6268.5
2/29/2000,299.86,29.37,1388.87,6.42,5.6347,1.796,7.86,11.73,109.88,1.578,1807.025,19959.52,6232.600098
3/31/2000,286.39,29.84,1442.21,6.03,5.3707,1.819,7.79,12.08,102.73,1.5922,1739.8,20337.32,6540.200195
4/30/2000,279.69,25.72,1461.36,6.23,5.3213,1.74,8.09,12.41,107.98,1.556,1681.9075,17973.7,6327.399902
5/31/2000,275.19,28.79,1418.48,6.29,5.4033,1.705,8.31,12.71,107.74,1.4968,1785.097826,16332.45,6359.399902
6/30/2000,285.73,31.82,1461.96,6.03,5.2097,1.664,7.98,12.42,106.14,1.513,1752.072727,17411.05,6312.700195
7/31/2000,281.59,29.7,1473,6.04,5.2388,1.689,7.89,12.47,109.68,1.4983,1803.142857,15727.49,6365.299805
8/31/2000,274.47,31.26,1485.46,5.73,5.3312,1.75,7.74,12.43,106.66,1.4515,1857.123913,16861.26,6672.700195
9/30/2000,273.68,33.88,1468.05,5.8,5.3873,1.876,7.65,12.72,107.9,1.4787,1961.892857,15747.26,6294.200195
10/31/2000,270,33.11,1390.14,5.77,5.2179,1.815,7.81,13.67,109.15,1.4505,1894.372727,14539.6,6438.399902
11/30/2000,266.01,34.42,1378.04,5.48,5.0983,1.764,7.61,14.61,110.93,1.421,1795.602273,14648.51,6142.200195
12/31/2000,271.45,28.44,1330.93,5.12,4.9118,1.624,7.31,14.36,114.35,1.4955,1852.4,13785.69,6222.5
1/31/2001,265.49,29.59,1335.63,5.19,4.8471,1.508,6.88,12.9,116.39,1.4613,1787.056818,13843.55,6297.5
2/28/2001,261.87,29.61,1305.75,4.92,4.8248,1.415,6.76,12.55,117.28,1.4433,1766.125,12883.54,5917.899902
3/31/2001,263.03,27.25,1185.85,4.93,4.703,1.169,6.67,12.98,125.54,1.419,1742.159091,12999.7,5633.700195
4/30/2001,260.48,27.49,1189.84,5.35,4.9468,1.315,6.79,13.14,123.57,1.4306,1665.972222,13934.32,5967
5/31/2001,272.36,28.63,1270.37,5.43,5.1153,1.25,6.72,12.8,118.88,1.4175,1684.85,13262.14,5796.200195
6/30/2001,270.23,27.6,1238.71,5.42,5.1951,1.152,6.73,13.29,124.73,1.4077,1610.469048,12969.05,5642.5
7/31/2001,267.53,26.43,1204.45,5.07,5.2037,1.305,6.29,12.98,125,1.4252,1526.770455,11860.77,5529.100098
8/31/2001,272.39,27.37,1178.5,4.85,4.9854,1.343,6.19,12.62,118.75,1.451,1466.411364,10713.51,5345
9/30/2001,283.42,26.2,1044.64,4.6,4.9876,1.346,6.07,14.28,119.23,1.4691,1427.697368,9774.68,4903.399902
10/31/2001,283.06,22.17,1076.59,4.3,4.8253,1.363,5.81,13.4,122.54,1.4534,1377.376087,10366.34,5039.700195
11/30/2001,276.16,19.64,1129.68,4.78,4.6271,1.328,6.06,12.67,123.22,1.4255,1434.293182,10697.44,5203.600098
12/31/2001,275.85,19.39,1144.93,5.07,4.8928,1.334,6.25,12.81,131.04,1.4543,1472.847059,10542.6,5217.399902
1/31/2002,281.51,19.72,1140.21,5.07,4.9171,1.42,6.3,12.42,134.06,1.412,1508.227273,9997.8,5164.799805
2/28/2002,295.5,20.72,1100.67,4.88,4.9251,1.501,6.27,12.53,133.96,1.4129,1561.3675,10587.83,5101
3/31/2002,294.06,24.53,1153.79,4.88,5.2202,1.421,6.76,12.08,132.7,1.425,1607.3925,11024.94,5271.799805
4/30/2002,302.68,26.18,1111.93,5.11,5.2331,1.394,6.56,11.46,128.45,1.4565,1588.571429,11492.54,5165.600098
5/31/2002,314.49,27.04,1079.25,5.08,5.2689,1.365,6.22,11.76,124.13,1.4625,1597.022727,11763.7,5085.100098
6/30/2002,321.18,25.52,1014.02,4.86,5.099,1.328,6.23,12.98,119.85,1.5245,1650.594444,10621.84,4656.399902
7/31/2002,313.29,26.97,903.59,4.51,5.0027,1.296,6.16,13.45,119.77,1.5625,1588.284783,9877.94,4246.200195
8/31/2002,310.26,28.39,912.55,4.14,4.746,1.255,5.83,13.08,118.76,1.5476,1482.916667,9619.3,4227.299805
9/30/2002,319.14,29.66,867.81,3.63,4.5006,1.129,5.5,13.36,121.74,1.57,1478.933333,9383.29,3721.800049
10/31/2002,316.56,28.84,854.63,3.93,4.616,1.095,5.76,13.66,122.78,1.563,1486.171739,8640.48,4039.699951
11/30/2002,319.07,26.35,909.93,4.22,4.6378,0.979,5.62,12.29,122.72,1.5553,1581.035714,9215.56,4169.399902
12/31/2002,331.92,29.46,899.18,3.83,4.5644,0.975,5.08,11.93,118.75,1.6095,1592.964286,8578.95,3940.399902
1/31/2003,356.859,32.95,895.84,4,4.3899,0.836,5.08,11.49,119.96,1.6448,1650.311364,8339.94,3567.399902
2/28/2003,358.97,35.83,837.03,3.71,4.2131,0.828,4.74,11.29,118.22,1.5737,1682.145,8363.04,3655.600098
3/31/2003,340.55,33.51,846.63,3.83,4.3243,0.724,4.77,10.77,118.07,1.579,1655.692857,7972.71,3613.300049
4/30/2003,328.18,28.17,890.03,3.89,4.4663,0.663,4.54,9.51,119.07,1.6,1587.8675,7831.42,3926
5/31/2003,355.683,28.11,935.96,3.37,4.2197,0.577,4.08,9.4,119.5,1.6393,1651.1,8424.51,4048.100098
6/30/2003,356.352,30.66,988,3.54,4.1127,0.529,4.12,8.91,119.87,1.6529,1685.107143,9083.11,4031.199951
7/31/2003,351.02,30.76,992.54,4.49,4.4078,0.956,4.88,9.3,120.42,1.609,1712.826087,9563.21,4157
8/31/2003,359.768,31.57,989.53,4.45,4.604,1.406,4.88,9.13,116.71,1.5773,1756.725,10343.55,4161.100098
9/30/2003,378.945,28.31,1019.44,3.96,4.7132,1.42,4.31,8.61,111.43,1.662,1789.670455,10219.05,4091.300049
10/31/2003,378.92,30.34,1038.73,4.33,4.9071,1.437,4.61,8.25,110.1,1.6956,1925.582609,10559.59,4287.600098
11/30/2003,389.91,31.11,1049.9,4.34,5.065,1.333,4.63,8.09,109.53,1.7219,2053.275,10100.57,4342.600098
12/31/2003,406.953,32.13,1080.64,4.27,4.896,1.33,4.45,7.69,107.13,1.7842,2202.035714,10676.64,4476.899902
1/31/2004,413.788,34.31,1132.52,4.16,4.7875,1.33,4.35,7.48,105.84,1.8215,2421.47619,10783.61,4390.700195
2/29/2004,404.878,34.69,1143.36,3.99,4.8056,1.211,4.2,7.58,109.26,1.8575,2751.7175,11041.92,4492.200195
3/31/2004,406.667,36.74,1123.98,3.86,4.7088,1.418,4.09,7.52,104.18,1.84,3000.282609,11715.39,4385.700195
4/30/2004,403.26,36.75,1133.36,4.53,4.957,1.52,4.74,7.78,110.37,1.7744,2926.975,11761.79,4489.700195
5/31/2004,383.779,40.28,1102.78,4.53,5.1118,1.505,4.98,8.32,110.37,1.7744,2728.460526,11236.37,4430.700195
6/30/2004,392.373,38.03,1132.76,4.62,5.2,1.807,5.03,8.16,109.43,1.8126,2689.045455,11858.87,4464.100098
7/31/2004,398.091,40.78,1105.85,4.5,5.1083,1.808,4.9,7.96,111.39,1.8183,2816.795455,11325.78,4413.100098
8/31/2004,400.51,44.9,1088.94,4.13,5.0071,1.588,4.57,7.67,109,1.8031,2844.202381,11081.79,4459.299805
9/30/2004,405.275,45.94,1117.66,4.14,4.9109,1.393,4.59,7.48,110.2,1.809,2903.170455,10823.57,4570.799805
10/31/2004,420.464,53.28,1117.21,4.05,4.7683,1.483,4.5,7.21,106.04,1.8345,3009.404762,10771.42,4624.200195
11/30/2004,439.375,48.47,1168.94,4.36,4.6903,1.452,4.81,7.13,103.04,1.9073,3130.309091,10899.25,4703.200195
12/31/2004,442.079,43.15,1199.21,4.24,4.5316,1.397,4.71,6.98,102.68,1.916,3139.785714,11488.76,4814.299805
1/31/2005,424.03,46.84,1181.41,4.14,4.5419,1.31,4.73,7.17,103.55,1.885,3168.1,11387.59,4852.299805
2/28/2005,423.35,48.15,1199.63,4.36,4.5884,1.419,4.95,6.98,104.25,1.9249,3247.1,11740.6,4968.5
3/31/2005,433.85,54.19,1194.9,4.5,4.796,1.325,5.23,7.84,107.22,1.8888,3378.904762,11668.95,4894.399902
4/30/2005,429.233,52.98,1164.43,4.21,4.6218,1.257,5.06,8.21,104.64,1.9122,3389.809524,11008.9,4801.700195
5/31/2005,421.873,49.83,1178.28,4,4.4173,1.238,4.87,7.99,107.97,1.8231,3241.9,11276.59,4964
6/30/2005,430.657,56.35,1202.25,3.94,4.2847,1.143,4.83,7.7,110.91,1.793,3529.727273,11584.01,5113.200195
7/31/2005,424.479,59,1222.24,4.28,4.3011,1.295,5.11,7.51,112.25,1.7593,3608.47619,11899.6,5282.299805
8/31/2005,437.93,64.99,1224.27,4.02,4.3249,1.365,4.88,7.62,110.84,1.8012,3791.909091,12413.6,5296.899902
9/30/2005,456.048,65.59,1225.92,4.34,4.2109,1.45,5.21,7.84,113.29,1.7696,3850.659091,13574.3,5477.700195
10/31/2005,469.898,62.26,1191.96,4.57,4.3482,1.513,5.48,8.15,116.36,1.7689,4056.166667,13606.5,5317.299805
11/30/2005,476.666,58.32,1237.37,4.49,4.3129,1.454,5.5,8.17,119.66,1.7321,4278.159091,14872.15,5423.200195
12/31/2005,510.097,59.41,1262.07,4.39,4.2186,1.488,5.36,8.13,117.88,1.7188,4577.025,16111.43,5618.799805
1/31/2006,549.864,65.49,1278.73,4.53,4.0752,1.547,5.47,7.96,116.88,1.782,4743.857143,16649.82,5760.299805
2/28/2006,554.995,61.63,1276.65,4.55,4.1543,1.598,5.53,8,115.82,1.7539,4974.975,16205.43,5791.5
3/31/2006,557.093,62.69,1293.74,4.86,4.3177,1.759,5.8,8.01,117.48,1.7393,5123.673913,17059.66,5964.600098
4/30/2006,610.653,69.44,1302.17,5.07,4.5177,1.956,5.92,8.05,113.79,1.822,6404.444444,16906.23,6023.100098
5/31/2006,675.393,70.84,1290.01,5.12,4.6488,1.849,6.04,8.23,112.26,1.8732,8059.190476,15467.33,5723.799805
6/30/2006,596.145,70.95,1253.17,5.15,4.6645,1.901,6.14,8.5,114.51,1.8491,7222.772727,15505.18,5833.399902
7/31/2006,633.71,74.41,1260.24,4.99,4.656,1.927,5.97,8.43,114.44,1.8685,7726.738095,15456.81,5928.299805
8/31/2006,632.593,73.04,1287.15,4.74,4.6535,1.668,5.75,8.24,117.35,1.9024,7690.25,16140.76,5906.100098
9/30/2006,598.186,63.8,1317.74,4.64,4.5522,1.628,5.65,8.08,117.99,1.8716,7622.642857,16127.58,5960.799805
10/31/2006,585.78,58.89,1363.38,4.61,4.6155,1.718,5.6,7.91,116.82,1.9084,7497.409091,16399.39,6129.200195
11/30/2006,627.827,59.08,1388.64,4.46,4.5452,1.69,5.45,7.69,115.55,1.9693,7029.295455,16274.33,6048.899902
12/31/2006,629.791,61.96,1416.42,4.71,4.6195,1.645,5.68,7.63,119.02,1.9586,6680.973684,17225.83,6220.799805
1/31/2007,631.166,54.51,1424.16,4.83,4.8694,1.705,5.76,7.58,121.02,1.9611,5689.340909,17383.42,6203.100098
2/28/2007,664.745,59.28,1444.8,4.56,4.896,1.64,5.49,7.38,118.33,1.9613,5718.15,17604.12,6171.5
3/31/2007,654.895,60.44,1406.95,4.65,4.8194,1.629,5.62,7.49,117.56,1.9685,6465.295455,17287.65,6308
4/30/2007,679.368,63.98,1463.64,4.63,5.0439,1.653,5.59,7.35,119.44,2,7753.342105,17400.41,6449.200195
5/31/2007,667.31,63.46,1511.14,4.9,5.1458,1.733,5.87,7.37,121.76,1.9797,7677.952381,17875.75,6621.5
6/30/2007,655.66,67.49,1514.19,5.03,5.4321,1.903,6.01,7.98,123.39,2.0063,7514.238095,18138.36,6607.899902
7/31/2007,665.38,74.12,1520.71,4.78,5.4084,1.809,6.02,8.9,119.13,2.0364,7980.931818,17248.89,6360.100098
8/31/2007,665.411,72.36,1454.62,4.54,5.1499,1.577,5.92,8.96,115.83,2.0165,7500.204545,16569.09,6303.299805
9/30/2007,712.653,79.92,1497.12,4.59,4.9928,1.698,5.9,8.55,114.97,2.0389,7671.35,16785.69,6466.799805
10/31/2007,754.604,85.8,1539.66,4.48,4.9576,1.616,5.83,8.63,115.27,2.0777,8020.586957,16737.63,6721.600098
11/30/2007,806.248,94.77,1463.39,3.97,4.7263,1.497,5.69,9.37,111.02,2.0567,6957.431818,15680.67,6432.5
12/31/2007,803.203,91.69,1479.22,4.04,4.6937,1.526,5.8,9.53,111.71,1.9843,6630.736111,15307.78,6456.899902
1/31/2008,889.595,92.97,1378.76,3.67,4.4925,1.429,5.54,10.03,106.74,1.9895,7078.909091,13592.47,5879.799805
2/29/2008,922.298,95.39,1354.87,3.53,4.6234,1.429,5.54,10.49,104.19,1.9864,7941.142857,13603.02,5884.299805
3/31/2008,968.434,105.45,1316.94,3.45,4.445,1.245,5.91,10.9,99.85,1.9855,8434.315789,12525.54,5702.100098
4/30/2008,909.705,112.58,1370.47,3.77,4.6432,1.6,5.99,10.07,104.53,1.9847,8714.181818,13849.99,6087.299805
5/31/2008,888.663,125.4,1403.22,4.06,4.8683,1.778,6.2,10.09,105.46,1.9793,8356.125,14338.54,6053.5
6/30/2008,889.488,133.88,1341.25,3.99,5.2103,1.601,6.38,10.83,106.17,1.9906,8292,13481.38,5625.899902
7/31/2008,939.772,133.37,1257.33,3.99,5.0494,1.537,6.59,11.39,108.1,1.9806,8407.021739,13376.81,5411.899902
8/31/2008,839.025,116.67,1281.47,3.83,4.7267,1.431,6.56,11.54,108.69,1.819,7633.8,13072.87,5636.600098
9/30/2008,829.932,104.11,1216.95,3.85,4.5701,1.481,7.81,14.03,105.94,1.7804,6975.113636,11259.86,4902.5
10/31/2008,806.62,76.61,968.8,4.01,4.5789,1.486,9.23,19.08,98.28,1.6165,4894.891304,8576.98,4377.299805
11/30/2008,760.863,57.31,883.04,2.93,4.2571,1.377,8.68,21.81,95.46,1.5348,3729.1875,8512.27,4288
12/31/2008,816.092,41.12,877.56,2.25,3.6238,1.214,7.83,19.57,90.79,1.4619,3105.095238,8859.56,4434.200195
1/31/2009,858.69,41.71,865.58,2.87,3.6699,1.272,7.63,18.18,89.83,1.4413,3260.357143,7994.05,4149.600098
2/28/2009,943,39.09,805.23,3.02,3.6899,1.277,7.95,19.47,97.74,1.4276,3328.4125,7568.42,3830.100098
3/31/2009,924.273,47.94,757.13,2.71,3.2497,1.323,7.95,18.73,99.15,1.43,3770.875,8109.53,3926.100098
4/30/2009,890.2,49.65,848.15,3.16,3.4072,1.402,7.32,15.54,98.76,1.4799,4436.925,8828.26,4243.700195
5/31/2009,928.645,59.03,902.41,3.47,3.6206,1.481,6.56,14.02,95.55,1.616,4591.460526,9522.5,4417.899902
6/30/2009,945.67,69.64,926.12,3.53,3.7221,1.363,6.15,13.06,96.42,1.6452,5015.431818,9958.44,4249.200195
7/31/2009,934.228,64.15,935.82,3.52,3.8238,1.386,5.57,11.73,94.54,1.6713,5228.413043,10356.83,4608.399902
8/31/2009,949.375,71.05,1009.73,3.4,3.7142,1.314,5.24,11.47,92.82,1.6314,6176.875,10492.53,4608.399902
9/30/2009,996.591,69.41,1044.55,3.31,3.6566,1.258,4.98,10.21,89.49,1.6004,6195.75,10133.23,5133.899902
10/31/2009,1043.159,75.72,1067.66,3.41,3.5699,1.404,4.85,9.95,90.5,1.6479,6305.988636,10034.74,5044.600098
11/30/2009,1127.036,77.99,1088.07,3.21,3.7592,1.253,4.63,9.72,86.12,1.6409,6682.440476,9345.55,5190.700195
12/31/2009,1134.724,74.47,1110.38,3.85,3.8871,1.272,4.89,9.08,93.08,1.6167,6976.97619,10546.44,5412.899902
1/31/2010,1117.963,78.33,1123.58,3.63,4.0025,1.308,4.55,8.94,90.38,1.6009,7367.375,10198.04,5188.5
2/28/2010,1095.413,76.39,1089.16,3.61,4.0624,1.295,4.55,9.08,88.84,1.5239,6867.675,10126.03,5354.5
3/31/2010,1113.337,81.2,1152.05,3.84,4.0915,1.361,4.56,8.48,93.4,1.5186,7466.934783,11089.94,5679.600098
4/30/2010,1148.688,84.29,1197.32,3.69,4.1007,1.286,4.37,8.13,94.24,1.5308,7729.8375,11057.4,5553.299805
5/31/2010,1205.434,73.74,1125.06,3.69,3.7772,1.257,4.56,9.21,94.24,1.5308,6843.157895,9768.7,5188.399902
6/30/2010,1232.92,75.34,1083.36,2.97,3.6007,1.08,4.33,9.02,88.49,1.4947,6501.5,9382.64,4916.899902
7/31/2010,1192.966,76.32,1079.8,2.94,3.5087,1.075,4.02,8.33,86.43,1.5714,6750.568182,9537.3,5258
8/31/2010,1215.81,76.6,1087.28,2.47,3.233,1.023,3.79,8.42,84.1,1.5358,7302.666667,8824.06,5225.200195
9/30/2010,1270.977,75.24,1122.08,2.53,3.1271,0.898,3.68,7.78,83.53,1.5731,7729.590909,9369.35,5548.600098
10/31/2010,1342.024,81.89,1171.58,2.63,3.0685,0.903,3.63,7.43,80.48,1.602,8289.761905,9202.45,5675.200195
11/30/2010,1369.886,84.25,1198.89,2.81,3.311,1.161,3.85,7.93,83.56,1.5578,8458.420455,9937.04,5528.299805
12/31/2010,1390.553,89.15,1241.53,3.3,3.6098,1.133,4.09,7.6,83.56,1.5578,9152.857143,10228.92,5899.899902
1/31/2011,1360.46,89.17,1282.62,3.42,3.7273,1.213,4.05,7.24,81.97,1.6042,9533.2,10237.92,5862.899902
2/28/2011,1374.68,88.58,1321.12,3.42,3.8799,1.241,4.04,7.09,81.94,1.6247,9880.9375,10624.09,5994
3/31/2011,1423.26,102.86,1304.49,3.47,3.7386,1.214,4.1,7.17,82.76,1.6048,9503.358696,9755.1,5908.799805
4/30/2011,1480.89,109.53,1331.51,3.32,3.7619,1.215,3.88,6.96,81.31,1.6691,9482.75,9849.74,5908.799805
5/31/2011,1512.58,100.9,1338.31,3.05,3.5053,1.118,3.72,7.03,81.29,1.6439,8931.675,9693.73,5990
6/30/2011,1529.36,96.26,1287.29,3.18,3.4144,1.084,3.88,7.44,80.64,1.6067,9066.852273,9816.09,5945.700195
7/31/2011,1572.75,97.3,1325.19,2.82,3.3137,1.075,3.6,7.25,77.18,1.6455,9650.464286,9833.03,5815.200195
8/31/2011,1759.01,86.33,1185.31,2.23,2.7833,1.023,3.73,8.51,76.5,1.6269,8997.988636,8955.2,5394.5
9/30/2011,1772.14,85.52,1173.88,1.92,2.504,0.975,3.95,9.54,77.04,1.5624,8300.136364,8700.29,5128.5
10/31/2011,1666.43,86.32,1207.22,2.17,2.529,1.038,3.74,8.29,77.97,1.6141,7394.190476,8988.39,5544.200195
11/30/2011,1739,97.16,1226.42,2.08,2.2917,1.062,4.07,8.94,77.58,1.5705,7581.022727,8434.61,5505.399902
12/31/2011,1639.97,98.56,1243.32,1.89,2.1828,0.971,3.88,8.29,76.98,1.5537,7558.875,8455.35,5572.299805
1/31/2012,1654.05,100.27,1300.58,1.83,2.1104,0.959,3.53,7.57,76.34,1.5754,8061.916667,8802.51,5681.600098
2/29/2012,1744.82,102.2,1352.49,1.98,2.2191,0.962,3.43,7.09,81.1,1.5951,8441.488095,9723.24,5871.5
3/31/2012,1675.95,106.16,1389.24,2.23,2.323,0.966,3.49,7.29,82.41,1.5985,8470.784091,10083.56,5768.5
4/30/2012,1649.2,103.32,1386.43,1.95,2.2117,0.914,3.38,7.11,79.81,1.6225,8285.526316,9520.89,5737.799805
5/31/2012,1589.04,94.66,1341.27,1.59,1.9416,0.846,3.43,7.85,78.29,1.5405,7896.909091,8542.73,5320.899902
6/30/2012,1598.76,82.3,1323.48,1.67,1.7698,0.789,3.36,7.4,79.81,1.5686,7428.289474,9006.78,5571.200195
7/31/2012,1594.29,87.9,1359.78,1.51,1.6523,0.78,3.03,6.98,78.1,1.5686,7584.261364,8695.06,5635.299805
8/31/2012,1630.31,94.13,1403.45,1.57,1.6735,0.8,2.97,6.82,78.3,1.5864,7510.431818,8839.91,5711.5
9/30/2012,1744.81,94.51,1443.42,1.65,1.7222,0.757,2.86,6.62,77.92,1.6132,8087.7425,8870.16,5742.100098
10/31/2012,1746.58,89.49,1437.82,1.72,1.7721,0.76,2.74,6.59,79.94,1.6111,8062.032609,8928.29,5782.700195
11/30/2012,1721.64,86.53,1394.51,1.62,1.7741,0.713,2.75,6.53,82.54,1.6027,7711.227273,9446.01,5866.799805
12/31/2012,1684.762,87.86,1422.29,1.78,1.8467,0.781,2.77,6.31,86.64,1.6262,7966.486842,10395.18,5897.799805
1/31/2013,1671.848,94.76,1480.4,2.02,2.0795,0.775,2.87,6.09,91.28,1.5856,8053.738636,11138.66,6276.899902
2/28/2013,1627.57,95.31,1512.31,1.89,2.1781,0.669,2.8,6.03,92.36,1.5192,8060.925,11559.36,6360.799805
3/31/2013,1593.086,92.94,1550.83,1.89,1.9768,0.492,2.82,5.91,94.16,1.5193,7652.375,12397.91,6411.700195
4/30/2013,1487.857,92.02,1570.7,1.7,1.7824,0.589,2.67,5.48,97.52,1.5539,7221.161905,13860.86,6430.100098
5/31/2013,1414.027,94.51,1639.84,2.16,1.9462,0.879,3,5.93,100.83,1.5185,7248.714286,13774.54,6583.100098
6/30/2013,1343.35,95.77,1618.77,2.52,2.3063,0.822,3.44,6.82,99.21,1.521,7000.2375,13677.32,6215.5
7/31/2013,1285.516,104.67,1668.68,2.6,2.471,0.79,3.34,6.34,98.35,1.5177,6906.641304,13668.32,6621.100098
8/31/2013,1351.742,106.57,1670.09,2.78,2.7088,0.708,3.34,6.34,98.22,1.5468,7186.25,13388.86,6412.899902
9/30/2013,1348.6,106.29,1687.17,2.64,2.8443,0.669,3.38,6.47,98.29,1.6179,7159.269048,14455.8,6462.200195
10/31/2013,1316.58,100.54,1720.03,2.57,2.6784,0.59,3.22,5.93,98.1,1.6068,7203.021739,14327.94,6731.399902
11/30/2013,1275.86,93.86,1783.54,2.75,2.7598,0.605,3.26,5.93,102.45,1.6373,7070.654762,15661.87,6650.600098
12/31/2013,1221.512,97.63,1807.78,3.04,2.9458,0.688,3.35,5.93,105.25,1.6574,7214.9,16291.31,6749.100098
1/31/2014,1244.27,94.62,1822.36,2.67,2.91,0.614,3.18,5.91,102.28,1.645,7291.465909,14914.53,6510.399902
2/28/2014,1299.58,100.82,1817.04,2.66,2.8147,0.586,3.09,5.51,102.08,1.675,7149.2125,14841.07,6809.700195
3/31/2014,1336.08,100.8,1863.52,2.73,2.7837,0.605,3.19,5.63,102.98,1.6675,6650.035714,14827.83,6598.399902
4/30/2014,1298.45,102.07,1864.26,2.67,2.7417,0.61,3.1,5.53,102.14,1.6883,6673.5625,14304.11,6780
5/31/2014,1288.74,102.18,1889.77,2.48,2.6989,0.566,2.93,5.33,101.77,1.6764,6891.125,14632.38,6844.5
6/30/2014,1279.1,105.79,1947.09,2.53,2.7842,0.536,2.97,5.28,101.28,1.7105,6821.142857,15162.1,6743.899902
7/31/2014,1310.59,103.59,1973.1,2.58,2.7343,0.527,3.06,5.9,102.75,1.6889,7113.380435,15620.77,6730.100098
8/31/2014,1295.13,96.54,1961.53,2.35,2.5347,0.488,2.95,5.55,104,1.6585,7001.8375,15424.59,6819.799805
9/30/2014,1236.55,93.21,1993.23,2.52,2.4919,0.497,3.16,6.26,109.66,1.622,6872.215909,16173.52,6622.700195
10/31/2014,1222.49,84.4,1937.27,2.35,2.2469,0.465,3.09,6.01,112.09,1.5999,6737.478261,16413.76,6546.5
11/30/2014,1175.33,75.79,2044.57,2.18,2.1593,0.42,3.06,6.27,118.7,1.5638,6712.85,17459.85,6722.600098
12/31/2014,1200.62,59.29,2054.27,2.17,1.9287,0.33,3.21,6.71,119.85,1.5578,6446.452381,17450.77,6566.100098
1/31/2015,1250.75,47.22,2028.18,1.68,1.589,0.275,2.91,6.51,117.44,1.5026,5830.535714,17674.39,6749.399902
2/28/2015,1227.08,50.58,2082.2,2,1.7365,0.33,2.98,6.01,119.72,1.5439,5729.275,18797.94,6946.700195
3/31/2015,1178.63,47.82,2079.99,1.94,1.7941,0.4,2.94,6.28,119.96,1.485,5939.670455,19206.99,6773
4/30/2015,1198.93,54.45,2094.86,2.05,1.755,0.34,3.01,6.12,119.86,1.5328,6042.0875,19520.01,6960.600098
5/31/2015,1198.63,59.27,2111.94,2.12,2.0243,0.39,3.09,6.14,123.98,1.5286,6294.776316,20563.15,6984.399902
6/30/2015,1181.5,59.82,2099.29,2.35,2.1696,0.455,3.34,6.73,122.1,1.5727,5833.011364,20235.73,6521
7/31/2015,1128.31,50.9,2094.14,2.2,2.1353,0.41,3.34,6.99,123.94,1.5634,5456.75,20585.24,6696.299805
8/31/2015,1117.93,42.87,2039.87,2.21,1.9799,0.38,3.48,7.34,121.26,1.5363,5127.3,18890.48,6696.299805
9/30/2015,1124.77,45.48,1944.41,2.06,1.8814,0.35,3.43,8.09,119.81,1.5116,5217.25,17388.15,6061.600098
10/31/2015,1159.25,46.22,2024.81,2.16,1.846,0.3,3.42,7.5,120.7,1.5445,5216.090909,19083.1,6361.100098
11/30/2015,1086.44,42.44,2080.62,2.21,1.9779,0.3,3.5,8.13,123.22,1.5044,4799.904762,19747.47,6356.100098
12/31/2015,1075.74,37.19,2054.08,2.27,1.9234,0.27,3.68,8.76,120.27,1.4746,4638.833333,19033.71,6242.299805
1/31/2016,1097.91,31.68,1918.6,1.94,1.7833,0.095,3.62,9.19,121.05,1.4184,4471.7875,17518.3,6083.799805
2/29/2016,1199.5,30.32,1904.42,1.74,1.5032,-0.065,3.55,9.08,112.9,1.3926,4598.619048,16026.76,6097.100098
3/31/2016,1245.14,37.55,2021.95,1.78,1.5434,-0.05,3.21,8.37,112.42,1.4381,4953.797619,16758.67,6174.899902
4/30/2016,1242.26,40.75,2075.54,1.83,1.5688,-0.085,3.07,7.58,106.9,1.4625,4872.738095,16666.05,6241.899902
5/31/2016,1260.95,46.71,2065.55,1.84,1.5366,-0.12,3.14,7.4,110.75,1.453,4694.5375,17234.98,6230.799805
6/30/2016,1276.4,48.76,2083.89,1.49,1.3105,-0.23,2.9,7.32,102.77,1.3242,4641.965909,15575.92,6504.299805
7/31/2016,1336.66,44.65,2148.9,1.46,0.9569,-0.195,2.77,6.83,102.32,1.327,4864.904762,16569.27,6724.399902
8/31/2016,1340.17,44.72,2170.95,1.58,0.7421,-0.07,2.79,6.37,103.38,1.3129,4751.670455,16887.4,6781.5
9/30/2016,1326.61,45.18,2157.69,1.6,0.8243,-0.085,2.84,6.24,101.21,1.3015,4722.204545,16449.84,6899.299805
10/31/2016,1266.55,49.78,2143.02,1.84,1.078,-0.05,2.97,6.34,105.07,1.2212,4731.261905,17425.02,6954.200195
11/30/2016,1238.35,45.66,2164.99,2.37,1.3818,0.02,3.4,6.58,114.34,1.2481,5450.931818,18308.48,6783.799805
12/31/2016,1157.36,51.97,2246.63,2.45,1.4336,0.04,3.39,6.19,116.78,1.2337,5660.35,19114.37,7142.799805
1/31/2017,1192.1,52.5,2275.12,2.45,1.4203,0.085,3.38,5.96,112.72,1.2585,5754.559524,19041.34,7099.200195
2/28/2017,1234.2,53.47,2329.91,2.36,1.3058,0.05,3.28,5.68,112.06,1.2427,5940.9125,19118.99,7263.399902
3/31/2017,1231.42,49.33,2366.82,2.4,1.194,0.065,3.35,5.9,111.41,1.2537,5824.630435,18909.26,7322.899902
4/30/2017,1266.88,51.06,2359.31,2.29,1.0789,0.015,3.27,5.7,111.44,1.2938,5683.902778,19196.74,7203.899902
5/31/2017,1246.04,48.48,2395.35,2.21,1.1175,0.04,3.18,5.57,110.71,1.2905,5599.559524,19650.57,7520
6/30/2017,1260.26,45.18,2433.99,2.31,1.0846,0.075,3.22,5.71,112.4,1.2995,5719.761364,20033.43,7312.700195
7/31/2017,1236.84,46.63,2454.1,2.3,1.2713,0.075,3.14,5.51,110.38,1.3196,5985.119048,19925.18,7372
8/31/2017,1283.04,48.04,2456.22,2.12,1.1241,0.01,3.09,5.63,110.06,1.2888,6485.625,19646.24,7430.600098
9/30/2017,1314.07,49.82,2492.84,2.33,1.2436,0.06,3.18,5.53,112.64,1.3402,6577.166667,20356.28,7372.799805
10/31/2017,1279.51,51.58,2557,2.38,1.3816,0.065,3.18,5.56,113.63,1.3281,6807.602273,22011.61,7493.100098
11/30/2017,1281.9,56.64,2593.61,2.42,1.3299,0.035,3.3,5.78,112.3,1.3506,6826.545455,22724.96,7326.700195
12/31/2017,1264.45,57.88,2664.34,2.4,1.2781,0.045,3.27,5.84,112.69,1.3529,6833.894737,22764.94,7687.799805
1/31/2018,1331.3,63.7,2789.8,2.72,1.3931,0.08,3.48,5.8,109.31,1.419,7065.852273,23098.29,7533.600098
2/28/2018,1330.73,62.23,2705.16,2.87,1.6034,0.045,3.73,6.13,106.62,1.3794,7006.525,22068.24,7231.899902
3/31/2018,1324.66,62.73,2702.77,2.87,1.508,0.045,3.8,6.3,106.2,1.4027,6799.178571,21454.3,7056.600098
4/30/2018,1334.76,66.25,2653.63,2.95,1.5108,0.05,3.96,6.25,109.28,1.3751,6851.5125,22467.87,7509.299805
5/31/2018,1303.45,69.98,2701.49,2.83,1.5016,0.03,3.93,6.31,108.73,1.3289,6825.27381,22201.82,7678.200195
6/30/2018,1281.57,67.87,2754.35,2.85,1.4229,0.03,4.07,6.44,110.71,1.3197,6965.857143,22304.51,7636.899902
7/31/2018,1237.71,70.98,2793.64,2.96,1.3739,0.06,4.04,6.31,111.88,1.3125,6250.75,22553.72,7748.799805
8/31/2018,1201.71,68.06,2857.82,2.86,1.3991,0.11,4,6.25,110.98,1.2964,6051.045455,22865.15,7432.399902
9/30/2018,1198.39,70.23,2901.5,3.05,1.5023,0.125,4.12,6.23,113.48,1.3053,6050.7625,24120.04,7510.200195
10/31/2018,1215.39,70.75,2785.46,3.15,1.5462,0.13,4.33,6.82,112.86,1.2779,6219.586957,21920.46,7128.100098
11/30/2018,1220.65,56.96,2723.23,3.01,1.4541,0.085,4.42,7.19,113.54,1.2772,6195.920455,22351.06,6980.200195
12/31/2018,1250.4,49.52,2567.31,2.69,1.3125,-0.01,4.25,7.89,109.7,1.2763,6075.315789,20014.77,6728.100098
1/31/2019,1291.75,51.38,2607.39,2.63,1.3221,0,3.99,6.86,108.84,1.3135,5939.102273,20773.49,6968.899902
2/28/2019,1320.07,54.95,2754.86,2.73,1.239,-0.015,3.98,6.49,111.38,1.3274,6300.4875,21385.16,7074.700195
3/31/2019,1300.9,58.15,2803.98,2.41,1.19,-0.095,3.68,6.36,110.68,1.3032,6439.464286,21205.81,7279.200195
4/30/2019,1285.91,63.86,2903.8,2.51,1.1906,-0.045,3.65,6.08,111.4,1.303,6438.3625,22258.73,7418.200195
5/31/2019,1283.7,60.83,2854.71,2.14,1.13,-0.095,3.49,6.6,108.66,1.262,6017.904762,20601.19,7161.700195
6/30/2019,1359.04,54.66,2890.17,2,0.919,-0.165,3.22,5.9,107.84,1.2704,5882.225,21275.92,7425.600098
7/31/2019,1412.89,57.35,2996.113636,2.02,0.8304,-0.16,3.2,5.85,108.58,1.222,5941.195652,21521.53,7586.799805
8/31/2019,1500.41,54.81,2897.498182,1.5,0.5776,-0.28,2.86,5.59,106.3,1.2166,5709.440476,20704.37,7207.200195
9/30/2019,1510.58,56.95,2982.156,1.68,0.5981,-0.215,2.96,5.65,108.11,1.2305,5759.25,21755.84,7408.200195
10/31/2019,1494.81,53.96,2977.68,1.69,0.6373,-0.15,2.89,5.73,108.09,1.2939,5757.297826,22927.04,7248.399902
11/30/2019,1470.79,57.03,3104.9045,1.78,0.765,-0.08,2.93,5.7,109.47,1.2939,5859.952381,23293.91,7346.5
12/31/2019,1479.13,59.88,3176.749524,1.92,0.8308,-0.025,2.9,5.33,108.67,1.3269,6077.0625,23656.62,7542.399902
1/31/2020,1560.67,57.52,3278.202857,1.51,0.7235,-0.065,2.64,5.43,108.5,1.3195,6031.209091,23205.18,7286
2/29/2020,1597.1,50.54,3277.314211,1.13,0.633,-0.155,2.46,6.07,108.12,1.2778,5687.75,21142.96,6580.600098
3/31/2020,1591.93,29.21,2652.393636,0.7,0.4609,0.005,3.68,9.2,107.53,1.2454,5182.631818,18917.01,5672
4/30/2020,1683.17,16.55,2761.975238,0.64,0.3577,-0.04,2.78,8.04,106.94,1.2602,5057.972,20193.69,5901.200195
5/31/2020,1715.91,28.56,2919.615,0.65,0.2743,0,2.49,6.92,107.77,1.232,5239.826316,21877.89,6076.600098
6/30/2020,1732.22,38.31,3104.660909,0.66,0.278,0.03,2.22,6.81,107.77,1.2369,5754.595455,22288.14,6169.700195
7/31/2020,1846.51,40.71,3207.619091,0.55,0.2094,0.01,1.92,5.45,105.78,1.3133,6372.46087,21710,5897.799805
8/31/2020,1968.63,42.34,3391.71,0.72,0.2717,0.045,1.99,5.38,105.84,1.3375,6508.392857,23139.76,5897.799805
9/30/2020,1921.92,39.63,3365.516667,0.69,0.273,0.015,2.05,5.77,105.58,1.2921,6704.9,23185.12,5866.100098
10/31/2020,1900.27,39.4,3418.701364,0.88,0.3058,0.04,2.08,5.79,104.54,1.2933,6713.811364,22977.13,5577.299805
11/30/2020,1866.3,40.94,3548.9925,0.84,0.3836,0.03,1.85,4.79,104.38,1.3338,7068.907143,26433.62,6266.200195
12/31/2020,1858.42,47.02,3695.31,0.93,0.3224,0.02,1.79,4.34,103.19,1.3662,7772.238095,27444.17,6460.5
1/31/2021,1866.98,52,3793.748421,1.11,0.3672,0.055,1.9,4.41,104.64,1.3723,7972.1475,27663.39,6407.5
2/28/2021,1808.17,59.04,3883.432105,1.44,0.6222,0.15,2.11,4.46,106.64,1.3947,8470.94,28966.01,6483.399902
3/31/2021,1718.23,62.33,3910.508261,1.74,0.8456,0.12,2.3,4.42,110.61,1.3795,8988.247826,29178.8,6713.600098
4/30/2021,1760.04,61.72,4141.17619,1.65,0.8515,0.09,2.2,4.28,109.33,1.3838,9324.8175,28812.63,6969.799805
5/31/2021,1850.26,65.17,4167.8495,1.65,0.9058,0.08,2.14,4.29,109.33,1.3838,10166.285,28860.08,7022.600098
6/30/2021,1834.57,71.38,4238.489545,1.45,0.8549,0.05,2.05,4.01,111.05,1.3806,9631.5,28791.53,7037.5
7/31/2021,1807.84,72.49,4363.712857,1.24,0.6979,0.015,1.95,4.12,109.7,1.3913,9450.820455,27283.59,7032.299805
8/31/2021,1785.28,67.73,4454.206364,1.3,0.644,0.02,2,4.07,110.05,1.3747,9370.138571,28089.54,7119.700195
9/30/2021,1775.14,71.65,4445.543333,1.52,0.8023,0.065,2.14,4.21,111.5,1.347,9324.709545,29452.66,7086.399902
10/31/2021,1776.85,81.48,4460.707143,1.55,1.083,0.095,2.23,4.36,114.03,1.3686,9829.219048,28892.69,7237.600098
11/30/2021,1821.76,79.15,4667.386667,1.43,0.9394,0.05,2.29,4.82,113.22,1.3252,9728.904545,27821.76,7059.5
12/31/2021,1790.43,71.71,4674.772727,1.52,0.8375,0.07,2.35,4.35,113.22,1.3252,9551.18,28791.71,7384.5
1/31/2022,1816.02,83.22,4573.8155,1.79,1.2051,0.17,2.78,5.22,115.22,1.3439,9782.3375,27001.98,7464.399902
2/28/2022,1856.3,91.64,4435.980526,1.83,1.4891,0.18,3.11,5.5,115.11,1.3419,9943.175,26526.82,7458.299805
3/31/2022,1947.83,108.5,4391.265217,2.32,1.5457,0.21,3.59,5.79,121.44,1.3152,10230.89391,27821.43,7515.700195
4/30/2022,1936.86,101.78,4391.296,2.89,1.8362,0.215,4.27,6.84,129.84,1.2565,10174.34762,26847.9,7544.600098
5/31/2022,1848.5,109.55,4040.36,2.85,1.9069,0.235,4.23,7,128.53,1.2624,9395.027273,27279.8,7607.700195
6/30/2022,1836.57,114.84,3898.946667,2.98,2.3824,0.225,4.68,8.88,135.69,1.2162,9067.551818,26393.04,7169.299805
7/31/2022,1732.74,101.62,3911.7295,2.67,2.1454,0.18,4.36,7.56,133.25,1.2183,7544.809524,27801.64,7423.399902
8/31/2022,1764.56,93.67,4158.563043,3.15,2.3278,0.22,4.82,8.34,138.69,1.1647,7990.812174,28091.53,7284.200195
9/30/2022,1680.78,84.26,3850.520476,3.83,3.5007,0.24,5.72,9.5,144.71,1.1134,7746.011364,25937.21,6893.799805
10/31/2022,1664.45,87.55,3726.050952,4.1,4.1096,0.245,5.98,8.92,148.63,1.1515,7651.082857,27587.46,7094.5
11/30/2022,1725.07,84.37,3917.488571,3.68,3.4171,0.25,5.39,8.46,139.31,1.1962,8049.861364,27968.99,7573.100098
12/31/2022,1797.55,76.44,3912.380952,3.88,3.5015,0.41,5.49,8.87,131.81,1.2077,8371.091364,26094.5,7451.700195
1/31/2023,1897.71,78.12,3960.6565,3.52,3.5115,0.49,5.03,8.02,130.17,1.2324,9007.346364,27327.11,7771.700195
2/28/2023,1854.54,76.83,4079.684737,3.92,3.5553,0.5,5.56,8.51,136.09,1.2093,8936.587,27445.56,7876.299805
3/31/2023,1912.73,73.28,3968.55913,3.48,3.5638,0.32,5.24,8.31,132.75,1.2369,8856.31087,28041.48,7631.700195
4/30/2023,1999.77,79.45,4121.467368,3.44,3.6503,0.385,5.15,8.19,135.99,1.2582,8809.1575,28856.44,7870.600098
5/31/2023,1992.13,71.58,4146.173182,3.64,3.9621,0.43,5.43,8.64,139.78,1.2396,8243.156087,30887.88,7446.100098
6/30/2023,1942.9,70.25,4345.372857,3.81,4.3659,0.395,5.55,8.35,144.47,1.2709,8396.517727,33189.04,7531.5
7/31/2023,1951.02,76.07,4508.0755,3.97,4.4372,0.595,5.52,8.14,142.18,1.2857,8476.679048,33172.22,7699.399902
8/31/2023,1918.7,81.39,4457.358696,4.09,4.5298,0.64,5.66,8.27,145.68,1.2667,8347.828261,32619.34,7439.100098
9/30/2023,1915.95,89.43,4515.77,4.59,4.4199,0.765,6.07,8.8,149.43,1.2214,8276.71381,31857.62,7608.100098
10/31/2023,1916.25,85.64,4269.400909,4.88,4.5695,0.95,6.37,9.38,151.46,1.2135,7941.355909,30858.85,7321.700195
11/30/2023,1984.11,77.69,4460.063333,4.37,4.2721,0.66,5.67,8.3,147.87,1.264,8189.587727,33486.89,7453.799805
12/31/2023,2026.18,71.9,4685.0515,3.88,3.8622,0.62,5.14,7.39,140.92,1.2743,8407.900476,33464.17,7733.200195
1/31/2024,2034.04,74.15,4815.613913,3.99,3.9319,0.73,5.16,7.59,146.26,1.2733,8351.339565,36286.71,7630.600098
2/29/2024,2023.24,77.25,5011.9615,4.25,4.123,0.71,5.46,7.68,149.9,1.2632,8304.950476,39166.19,7630
3/31/2024,2158.01,81.28,5170.5725,4.25,4.033,0.725,5.36,7.5,151.22,1.2637,8692.819048,40369.44,7952.600098
4/30/2024,2331.45,85.35,5112.492727,4.69,4.2172,0.87,5.77,7.99,157.54,1.2514,9445.593636,38405.66,8144.100098
5/31/2024,2351.13,80.02,5235.225455,4.51,4.2229,1.07,5.56,7.81,157.19,1.2738,10117.16348,38487.9,8275.400391
6/30/2024,2326.44,79.77,5415.140526,4.36,4.1644,1.05,5.51,7.67,160.88,1.264,9648.167,39583.08,8164.100098
7/31/2024,2398.2,81.8,5538.004545,4.09,4.1386,1.045,5.17,7.3,150.38,1.284,9385.313043,39101.82,8368
8/31/2024,2470.15,76.68,5478.214545,3.91,3.9444,0.89,4.97,7,145.95,1.3132,8981.117727,38647.75,8376.599609
9/30/2024,2570.55,70.24,5621.2605,3.81,3.9053,0.855,4.76,6.66,143.25,1.3399,9259.128571,37919.55,8237
10/31/2024,2690.08,71.99,5792.319565,4.28,4.1993,0.935,5.18,7.06,152.35,1.2856,9533.991304,39081.25,8110.100098
11/30/2024,2651.13,69.95,5929.916,4.18,4.4164,1.05,5.08,6.88,150.41,1.2699,9075.727143,38208.03,8287.299805
12/31/2024,2648.01,70.12,6010.908571,4.58,4.4345,1.09,5.35,7.3,157.37,1.2521,8909.907727,39894.54,8173
1/31/2025,2709.69,75.74,5979.5155,4.58,4.6627,1.245,5.31,6.98,154.91,1.2447,8976.680435,39572.49,8674
2/28/2025,2894.73,71.53,6038.69,4.24,4.5063,1.37,5.09,6.92,150.64,1.2591,9330.975,37155.5,8809.700195
3/31/2025,3122.8,68.24,5683.983333,4.23,4.5063,1.37,5.16,7.53,149.9,1.2896,9330.975,35617.56,8658.900391
